Metric,Landmark-Based,Traditional
Average Path Length,43.12327783481978,69.21519862062488
Average Travel Time,424.91683544388746,550.8596479104749
Success Rate,0.9997249319038738,0.9999932910220457
